{"id":23566,"name":"Location-Check","authentication":{"title":"Log in recommended","link_types":[],"message":"You should login to use Facebook. You can also login later for commenting etc.","cancel_button_text":"Back"},"configuration":{"request_user_location":"false","open_clicked_links_in_new_layer":"false","shake_gesture_enabled_during_development":"false","wait_for_document_ready_before_open":"true","latest_build_built_by":"steroids","copy_to_user_files":null,"fullscreen":"true","fullscreen_start_url":"http://localhost/index.html","client_version":"edge","navigation_bar_style":"black","status_bar_style":"hidden","initial_eval_js_string":"","background_eval_js_string":"    if(typeof window.cloudPreview != \"undefined\") {\n      window.cloudPreview.poll('23566', '072eb68e34266aa66cd5d913361e939c0293b1abefacfd797c5699d31818df88');\n    };\n","splashscreen_duration_in_seconds":"0"},"appearance":{"nav_bar_portrait_background_image":"","nav_bar_landscape_background_image":"","nav_bar_tint_color":"#00aeef","nav_bar_title_text_color":"#ffffff","nav_bar_title_shadow_color":"","nav_bar_button_tint_color":"#ffffff","nav_bar_button_title_text_color":"","nav_bar_button_title_shadow_color":"","tab_bar_background_image":"","tab_bar_tint_color":"","tab_bar_button_title_text_color":"","tab_bar_button_title_shadow_color":"","tab_bar_selected_icon_tint_color":"","tab_bar_selected_indicator_background_image":"","loading_screen_color":"#262626"},"update":{"minimum_required_version":"2.0","update_recommendation_url":"http://store.apple.com/","title":"Update found","text":"You should update","current_version":"2.0"},"archives":[{"url":"https://appgyver-anka-uploads.s3.amazonaws.com/uploads/framework/zip/13/framework-0.9.2.zip?AWSAccessKeyId=AKIAIVFXRJTLLWQVBVBQ\u0026Signature=qtK59HxcN%2BRXvGAglSoWSXKNqh4%3D\u0026Expires=1408334324"},{"url":"https://appgyver-anka-uploads.s3.amazonaws.com/uploads/application/custom_code_zip/23566/custom_code.zip?AWSAccessKeyId=AKIAIVFXRJTLLWQVBVBQ\u0026Signature=%2BQksnuuY03TsY%2FeUQ%2BkF%2BkMN51M%3D\u0026Expires=1408334324"}],"files":[],"bottom_bars":[],"hosts":[]}